{
    "prepare_queue": {
        "installed": [],
        "uninstalled": []
    },
    "config_munge": {
        "files": {
            "config.xml": {
                "parents": {
                    "/*": [
                        {
                            "xml": "<feature name=\"Console\"><param name=\"ios-package\" value=\"CDVLogger\" /></feature>",
                            "count": 1
                        },
                        {
                            "xml": "<feature name=\"SplashScreen\"><param name=\"ios-package\" value=\"CDVSplashScreen\" /><param name=\"onload\" value=\"true\" /></feature>",
                            "count": 1
                        },
                        {
                            "xml": "<feature name=\"SocialSharing\"><param name=\"ios-package\" value=\"SocialSharing\" /><param name=\"onload\" value=\"true\" /></feature>",
                            "count": 1
                        }
                    ]
                }
            }
        }
    },
    "installed_plugins": {
        "cordova-plugin-console": {
            "PACKAGE_NAME": "com.smith.cbdb"
        },
        "cordova-plugin-splashscreen": {
            "PACKAGE_NAME": "com.smith.cbdb"
        },
        "cordova-plugin-whitelist": {
            "PACKAGE_NAME": "com.smith.cbdb"
        },
        "cordova-plugin-x-socialsharing": {
            "PACKAGE_NAME": "com.smith.cbdb"
        },
        "es6-promise-plugin": {
            "PACKAGE_NAME": "com.smith.cbdb"
        }
    },
    "dependent_plugins": {},
    "modules": [
        {
            "id": "cordova-plugin-console.console",
            "file": "plugins/cordova-plugin-console/www/console-via-logger.js",
            "pluginId": "cordova-plugin-console",
            "clobbers": [
                "console"
            ]
        },
        {
            "id": "cordova-plugin-console.logger",
            "file": "plugins/cordova-plugin-console/www/logger.js",
            "pluginId": "cordova-plugin-console",
            "clobbers": [
                "cordova.logger"
            ]
        },
        {
            "id": "cordova-plugin-splashscreen.SplashScreen",
            "file": "plugins/cordova-plugin-splashscreen/www/splashscreen.js",
            "pluginId": "cordova-plugin-splashscreen",
            "clobbers": [
                "navigator.splashscreen"
            ]
        },
        {
            "id": "cordova-plugin-x-socialsharing.SocialSharing",
            "file": "plugins/cordova-plugin-x-socialsharing/www/SocialSharing.js",
            "pluginId": "cordova-plugin-x-socialsharing",
            "clobbers": [
                "window.plugins.socialsharing"
            ]
        },
        {
            "id": "es6-promise-plugin.Promise",
            "file": "plugins/es6-promise-plugin/www/promise.js",
            "pluginId": "es6-promise-plugin",
            "runs": true
        }
    ],
    "plugin_metadata": {
        "cordova-plugin-console": "1.0.7",
        "cordova-plugin-splashscreen": "4.0.3",
        "cordova-plugin-whitelist": "1.2.2",
        "cordova-plugin-x-socialsharing": "5.1.8",
        "es6-promise-plugin": "4.1.0"
    }
}